{
  "hash": "51b3e43f",
  "configHash": "97412cba",
  "lockfileHash": "54fae845",
  "browserHash": "5957eeba",
  "optimized": {
    "@angular/common": {
      "src": "../../../../../node_modules/@angular/common/fesm2022/common.mjs",
      "file": "@angular_common.js",
      "fileHash": "2823aeab",
      "needsInterop": false
    },
    "@angular/core": {
      "src": "../../../../../node_modules/@angular/core/fesm2022/core.mjs",
      "file": "@angular_core.js",
      "fileHash": "2d17c796",
      "needsInterop": false
    },
    "@angular/forms": {
      "src": "../../../../../node_modules/@angular/forms/fesm2022/forms.mjs",
      "file": "@angular_forms.js",
      "fileHash": "d157cdc5",
      "needsInterop": false
    },
    "@angular/platform-browser": {
      "src": "../../../../../node_modules/@angular/platform-browser/fesm2022/platform-browser.mjs",
      "file": "@angular_platform-browser.js",
      "fileHash": "b1ff87b8",
      "needsInterop": false
    },
    "@angular/router": {
      "src": "../../../../../node_modules/@angular/router/fesm2022/router.mjs",
      "file": "@angular_router.js",
      "fileHash": "570341ad",
      "needsInterop": false
    }
  },
  "chunks": {
    "chunk-6BPDG5PD": {
      "file": "chunk-6BPDG5PD.js"
    },
    "chunk-XWRWPJMW": {
      "file": "chunk-XWRWPJMW.js"
    },
    "chunk-BCSCV6X3": {
      "file": "chunk-BCSCV6X3.js"
    }
  }
}