{
  "hash": "641a76ce",
  "configHash": "b08f756d",
  "lockfileHash": "8a315679",
  "browserHash": "40c18b05",
  "optimized": {
    "@angular/common": {
      "src": "../../../../../node_modules/@angular/common/fesm2022/common.mjs",
      "file": "@angular_common.js",
      "fileHash": "68c359ea",
      "needsInterop": false
    },
    "@angular/core": {
      "src": "../../../../../node_modules/@angular/core/fesm2022/core.mjs",
      "file": "@angular_core.js",
      "fileHash": "97c2e7e8",
      "needsInterop": false
    },
    "@angular/forms": {
      "src": "../../../../../node_modules/@angular/forms/fesm2022/forms.mjs",
      "file": "@angular_forms.js",
      "fileHash": "589fc04b",
      "needsInterop": false
    },
    "@angular/platform-browser": {
      "src": "../../../../../node_modules/@angular/platform-browser/fesm2022/platform-browser.mjs",
      "file": "@angular_platform-browser.js",
      "fileHash": "edba3709",
      "needsInterop": false
    },
    "@angular/router": {
      "src": "../../../../../node_modules/@angular/router/fesm2022/router.mjs",
      "file": "@angular_router.js",
      "fileHash": "bc9944b7",
      "needsInterop": false
    }
  },
  "chunks": {
    "chunk-6BPDG5PD": {
      "file": "chunk-6BPDG5PD.js"
    },
    "chunk-XWRWPJMW": {
      "file": "chunk-XWRWPJMW.js"
    },
    "chunk-BCSCV6X3": {
      "file": "chunk-BCSCV6X3.js"
    }
  }
}